id,query,response
1,Suggest a quick vegan breakfast recipe,"## Vegan Breakfast Burrito

Start your day with a hearty and flavorful vegan breakfast burrito packed with scrambled tofu, fresh veggies, and spicy salsa. It's quick to assemble and perfect for a nutritious morning boost.

### Ingredients
* 1 block (14 oz) firm tofu, crumbled
* 1 tbsp olive oil
* 1/2 teaspoon turmeric powder
* 1/2 teaspoon cumin powder
* 1/4 teaspoon chili powder (optional for heat)
* Salt and black pepper, to taste
* 1/2 cup diced tomatoes
* 1/2 cup diced bell peppers (any color)
* 1/4 cup diced onion
* 2 large tortillas (whole wheat or flour)
* 1/4 cup salsa
* Fresh cilantro (optional, for garnish)
* 1 avocado (sliced, optional, for serving)

### Instructions
1. Heat olive oil in a large skillet over medium heat.
2. Add diced onions and bell peppers, sauté for 3-4 minutes until softened.
3. Crumble the tofu into the skillet and stir well.
4. Sprinkle cumin, turmeric, chili powder, salt, and pepper over the tofu mixture, cook for 5-7 minutes, stirring occasionally, until heated through and slightly golden.
5. Warm the tortillas briefly in the microwave or skillet.
6. Distribute the tofu scramble evenly onto the center of each tortilla.
7. Top with diced tomatoes, salsa, and optional avocado slices.
8. Fold the sides of the tortilla inward and roll tightly to form a burrito.
9. Serve immediately, garnished with fresh cilantro if desired.

### Tips
* For a smoky flavor, add a dash of smoked paprika or chipotle powder to the tofu scramble.
* Make ahead: Wrap in foil or parchment and reheat for a quick breakfast later."
2,I have chicken and rice. what can I cook?,"## Chicken and Rice Skillet

A hearty and flavorful one-pan dish where tender chicken thighs are cooked atop fluffy rice, infused with aromatic spices and vegetables for a comforting meal.

### Ingredients
* 2 chicken thighs (bone-in or boneless)
* 1 cup long-grain rice
* 2 cups chicken broth
* 1 small onion, chopped
* 2 cloves garlic, minced
* 1 carrot, diced
* 1 tbsp olive oil
* 1 tsp paprika
* 1/2 tsp cumin
* Salt and pepper, to taste
* Optional: chopped parsley or cilantro for garnish

### Instructions
1. Season the chicken thighs with salt, pepper, paprika, and cumin.
2. Heat the olive oil in a large skillet over medium-high heat.
3. Add chicken thighs, skin-side down if bone-in, and cook for 4-5 minutes until golden brown. Flip and cook another 3-4 minutes.
4. Remove chicken from the pan and set aside. In the same pan, add chopped onion, garlic, and diced carrot. Sauté until softened, about 3 minutes.
5. Add rice to the skillet and stir well to coat it with the oils and flavors for about 1 minute.
6. Pour in chicken broth, scraping up any browned bits from the bottom.
7. Return the chicken thighs to the pan, placing them on top of the rice.
8. Cover and reduce heat to low. Simmer for 20-25 minutes, or until the rice is tender and the chicken is cooked through.
9. Remove from heat and let rest for 5 minutes. Garnish with chopped parsley or cilantro before serving.

### Tips
* For extra flavor, add a bay leaf or a pinch of saffron while simmering.
* You can include frozen peas or bell peppers for added vegetables."
3,Give me a dessert recipe with chocolate ,"## Chocolate Molten Lava Cakes

Indulge in these rich, gooey-centered chocolate cakes with a warm, velvety interior that melts in your mouth. Perfect for a special treat or a romantic dessert.

### Ingredients
* 4 oz (113 g) semi-sweet chocolate, chopped
* 1/2 cup (115 g) unsalted butter
* 1/2 cup (60 g) powdered sugar
* 2 large eggs
* 2 large egg yolks
* 1 tsp vanilla extract
* 1/4 cup (30 g) all-purpose flour
* Pinch of salt
* Optional: powdered sugar or berries for garnish

### Instructions
1. Preheat your oven to 425°F (220°C). Grease 2 ramekins (about 6 oz size) with butter and lightly dust with flour or cocoa powder.
2. In a microwave-safe bowl, combine semi-sweet chocolate and butter. Microwave in 20-second intervals, stirring between each, until smooth and melted. Let cool slightly.
3. In a separate bowl, whisk together eggs, egg yolks, powdered sugar, and vanilla extract until well combined and slightly frothy.
4. Gradually pour the melted chocolate mixture into the egg mixture, whisking constantly to combine.
5. Gently fold in the flour and a pinch of salt until just incorporated; do not overmix.
6. Divide the batter evenly between the prepared ramekins.
7. Bake for 12-14 minutes, until the edges are set but the center remains soft. A toothpick inserted should come out with moist crumbs.
8. Let cool for 1-2 minutes, then carefully invert the ramekins onto serving plates.
9. Serve immediately, garnished with powdered sugar or berries if desired.

### Tips
* For extra decadence, add a dollop of vanilla ice cream on top.
* Do not overbake; the signature is a runny center.
* Use high-quality chocolate for the best flavor."
